EN2002a.Mix-Headset.wav, 00:35:42.71
EN2002b.Mix-Headset.wav, 00:29:46.85
EN2002c.Mix-Headset.wav, 00:49:32.26
EN2002d.Mix-Headset.wav, 00:36:49.90
ES2004a.Mix-Headset.wav, 00:17:29.35
ES2004b.Mix-Headset.wav, 00:39:05.49
ES2004c.Mix-Headset.wav, 00:38:54.37
ES2004d.Mix-Headset.wav, 00:37:02.29
IS1009a.Mix-Headset.wav, 00:13:58.83
IS1009b.Mix-Headset.wav, 00:34:12.33
IS1009c.Mix-Headset.wav, 00:30:20.83
IS1009d.Mix-Headset.wav, 00:32:24.50
TS3003a.Mix-Headset.wav, 00:25:05.64
TS3003b.Mix-Headset.wav, 00:36:50.30
TS3003c.Mix-Headset.wav, 00:42:50.00
TS3003d.Mix-Headset.wav, 00:43:38.20
